,cv_rmse_mean,cv_rmse_std
Ridge,48.83820210041287,1.7735930505686697
Random Forest,45.976239888407086,3.1544167333703896
Gradient Boosting,48.37427282413107,5.363545523396296
