Model,CV-RMSE Mean,CV-RMSE Std
Ridge,50.36185084809704,5.759034951407871
Random Forest,45.61090017807432,3.6511158670420003
Gradient Boosting,46.85451164454234,4.283134734808987
